{"0": {"0": {"origin_idx": 0, "destination_idx": 0, "origin": [55.8851468503753, 37.51883085420433], "destination": [55.8851468503753, 37.51883085420433], "distance": 0, "duration": 0}, "1": {"origin_idx": 0, "destination_idx": 1, "origin": [55.8851468503753, 37.51883085420433], "destination": [55.64084712224211, 37.63753714586377], "distance": 32612, "duration": 27177}}, "1": {"0": {"origin_idx": 1, "destination_idx": 0, "origin": [55.64084712224211, 37.63753714586377], "destination": [55.8851468503753, 37.51883085420433], "distance": 32659, "duration": 27292}, "1": {"origin_idx": 1, "destination_idx": 1, "origin": [55.64084712224211, 37.63753714586377], "destination": [55.64084712224211, 37.63753714586377], "distance": 0, "duration": 0}}}