{"0": {"0": {"origin_idx": 0, "destination_idx": 0, "origin": [51.5229532, -0.0805527], "destination": [51.5229532, -0.0805527], "distance": 0, "duration": 0}, "1": {"origin_idx": 0, "destination_idx": 1, "origin": [51.5229532, -0.0805527], "destination": [51.5190351, -0.0704977], "distance": 1101, "duration": 936}, "2": {"origin_idx": 0, "destination_idx": 2, "origin": [51.5229532, -0.0805527], "destination": [51.5289369, -0.0620099], "distance": 1681, "duration": 1424}, "3": {"origin_idx": 0, "destination_idx": 3, "origin": [51.5229532, -0.0805527], "destination": [51.5163462, -0.0468525], "distance": 2999, "duration": 2509}, "4": {"origin_idx": 0, "destination_idx": 4, "origin": [51.5229532, -0.0805527], "destination": [51.5322395, -0.0882468], "distance": 1425, "duration": 1238}, "5": {"origin_idx": 0, "destination_idx": 5, "origin": [51.5229532, -0.0805527], "destination": [51.5083975, -0.07886], "distance": 2108, "duration": 1739}, "6": {"origin_idx": 0, "destination_idx": 6, "origin": [51.5229532, -0.0805527], "destination": [51.5205595, -0.0380812], "distance": 3703, "duration": 3094}, "7": {"origin_idx": 0, "destination_idx": 7, "origin": [51.5229532, -0.0805527], "destination": [51.5227271, -0.0925782], "distance": 1027, "duration": 881}, "8": {"origin_idx": 0, "destination_idx": 8, "origin": [51.5229532, -0.0805527], "destination": [51.5368766, -0.0945162], "distance": 2235, "duration": 1888}, "9": {"origin_idx": 0, "destination_idx": 9, "origin": [51.5229532, -0.0805527], "destination": [51.512813, -0.0836868], "distance": 1433, "duration": 1194}, "10": {"origin_idx": 0, "destination_idx": 10, "origin": [51.5229532, -0.0805527], "destination": [51.515942, -0.0908033], "distance": 1383, "duration": 1153}}, "1": {"0": {"origin_idx": 1, "destination_idx": 0, "origin": [51.5190351, -0.0704977], "destination": [51.5229532, -0.0805527], "distance": 1102, "duration": 941}, "1": {"origin_idx": 1, "destination_idx": 1, "origin": [51.5190351, -0.0704977], "destination": [51.5190351, -0.0704977], "distance": 0, "duration": 0}, "2": {"origin_idx": 1, "destination_idx": 2, "origin": [51.5190351, -0.0704977], "destination": [51.5289369, -0.0620099], "distance": 1680, "duration": 1404}, "3": {"origin_idx": 1, "destination_idx": 3, "origin": [51.5190351, -0.0704977], "destination": [51.5163462, -0.0468525], "distance": 2019, "duration": 1666}, "4": {"origin_idx": 1, "destination_idx": 4, "origin": [51.5190351, -0.0704977], "destination": [51.5322395, -0.0882468], "distance": 2316, "duration": 2001}, "5": {"origin_idx": 1, "destination_idx": 5, "origin": [51.5190351, -0.0704977], "destination": [51.5083975, -0.07886], "distance": 1764, "duration": 1511}, "6": {"origin_idx": 1, "destination_idx": 6, "origin": [51.5190351, -0.0704977], "destination": [51.5205595, -0.0380812], "distance": 2736, "duration": 2258}, "7": {"origin_idx": 1, "destination_idx": 7, "origin": [51.5190351, -0.0704977], "destination": [51.5227271, -0.0925782], "distance": 1944, "duration": 1686}, "8": {"origin_idx": 1, "destination_idx": 8, "origin": [51.5190351, -0.0704977], "destination": [51.5368766, -0.0945162], "distance": 3148, "duration": 2685}, "9": {"origin_idx": 1, "destination_idx": 9, "origin": [51.5190351, -0.0704977], "destination": [51.512813, -0.0836868], "distance": 1482, "duration": 1276}, "10": {"origin_idx": 1, "destination_idx": 10, "origin": [51.5190351, -0.0704977], "destination": [51.515942, -0.0908033], "distance": 1822, "duration": 1552}}, "2": {"0": {"origin_idx": 2, "destination_idx": 0, "origin": [51.5289369, -0.0620099], "destination": [51.5229532, -0.0805527], "distance": 1699, "duration": 1447}, "1": {"origin_idx": 2, "destination_idx": 1, "origin": [51.5289369, -0.0620099], "destination": [51.5190351, -0.0704977], "distance": 1680, "duration": 1403}, "2": {"origin_idx": 2, "destination_idx": 2, "origin": [51.5289369, -0.0620099], "destination": [51.5289369, -0.0620099], "distance": 0, "duration": 0}, "3": {"origin_idx": 2, "destination_idx": 3, "origin": [51.5289369, -0.0620099], "destination": [51.5163462, -0.0468525], "distance": 2215, "duration": 1860}, "4": {"origin_idx": 2, "destination_idx": 4, "origin": [51.5289369, -0.0620099], "destination": [51.5322395, -0.0882468], "distance": 2256, "duration": 1903}, "5": {"origin_idx": 2, "destination_idx": 5, "origin": [51.5289369, -0.0620099], "destination": [51.5083975, -0.07886], "distance": 3259, "duration": 2754}, "6": {"origin_idx": 2, "destination_idx": 6, "origin": [51.5289369, -0.0620099], "destination": [51.5205595, -0.0380812], "distance": 2555, "duration": 2122}, "7": {"origin_idx": 2, "destination_idx": 7, "origin": [51.5289369, -0.0620099], "destination": [51.5227271, -0.0925782], "distance": 2589, "duration": 2195}, "8": {"origin_idx": 2, "destination_idx": 8, "origin": [51.5289369, -0.0620099], "destination": [51.5368766, -0.0945162], "distance": 3103, "duration": 2581}, "9": {"origin_idx": 2, "destination_idx": 9, "origin": [51.5289369, -0.0620099], "destination": [51.512813, -0.0836868], "distance": 2803, "duration": 2398}, "10": {"origin_idx": 2, "destination_idx": 10, "origin": [51.5289369, -0.0620099], "destination": [51.515942, -0.0908033], "distance": 3113, "duration": 2639}}, "3": {"0": {"origin_idx": 3, "destination_idx": 0, "origin": [51.5163462, -0.0468525], "destination": [51.5229532, -0.0805527], "distance": 3001, "duration": 2532}, "1": {"origin_idx": 3, "destination_idx": 1, "origin": [51.5163462, -0.0468525], "destination": [51.5190351, -0.0704977], "distance": 2019, "duration": 1683}, "2": {"origin_idx": 3, "destination_idx": 2, "origin": [51.5163462, -0.0468525], "destination": [51.5289369, -0.0620099], "distance": 2214, "duration": 1877}, "3": {"origin_idx": 3, "destination_idx": 3, "origin": [51.5163462, -0.0468525], "destination": [51.5163462, -0.0468525], "distance": 0, "duration": 0}, "4": {"origin_idx": 3, "destination_idx": 4, "origin": [51.5163462, -0.0468525], "destination": [51.5322395, -0.0882468], "distance": 4215, "duration": 3592}, "5": {"origin_idx": 3, "destination_idx": 5, "origin": [51.5163462, -0.0468525], "destination": [51.5083975, -0.07886], "distance": 2880, "duration": 2415}, "6": {"origin_idx": 3, "destination_idx": 6, "origin": [51.5163462, -0.0468525], "destination": [51.5205595, -0.0380812], "distance": 1126, "duration": 932}, "7": {"origin_idx": 3, "destination_idx": 7, "origin": [51.5163462, -0.0468525], "destination": [51.5227271, -0.0925782], "distance": 3843, "duration": 3277}, "8": {"origin_idx": 3, "destination_idx": 8, "origin": [51.5163462, -0.0468525], "destination": [51.5368766, -0.0945162], "distance": 5047, "duration": 4276}, "9": {"origin_idx": 3, "destination_idx": 9, "origin": [51.5163462, -0.0468525], "destination": [51.512813, -0.0836868], "distance": 2965, "duration": 2520}, "10": {"origin_idx": 3, "destination_idx": 10, "origin": [51.5163462, -0.0468525], "destination": [51.515942, -0.0908033], "distance": 3641, "duration": 3108}}, "4": {"0": {"origin_idx": 4, "destination_idx": 0, "origin": [51.5322395, -0.0882468], "destination": [51.5229532, -0.0805527], "distance": 1426, "duration": 1222}, "1": {"origin_idx": 4, "destination_idx": 1, "origin": [51.5322395, -0.0882468], "destination": [51.5190351, -0.0704977], "distance": 2315, "duration": 1981}, "2": {"origin_idx": 4, "destination_idx": 2, "origin": [51.5322395, -0.0882468], "destination": [51.5289369, -0.0620099], "distance": 2256, "duration": 1884}, "3": {"origin_idx": 4, "destination_idx": 3, "origin": [51.5322395, -0.0882468], "destination": [51.5163462, -0.0468525], "distance": 4213, "duration": 3554}, "4": {"origin_idx": 4, "destination_idx": 4, "origin": [51.5322395, -0.0882468], "destination": [51.5322395, -0.0882468], "distance": 0, "duration": 0}, "5": {"origin_idx": 4, "destination_idx": 5, "origin": [51.5322395, -0.0882468], "destination": [51.5083975, -0.07886], "distance": 3522, "duration": 2931}, "6": {"origin_idx": 4, "destination_idx": 6,