{"0": {"0": {"origin_idx": 0, "destination_idx": 0, "origin": [32.0732507, 34.7894517], "destination": [32.0732507, 34.7894517], "distance": 0, "duration": 0}, "1": {"origin_idx": 0, "destination_idx": 1, "origin": [32.0732507, 34.7894517], "destination": [32.0694666, 34.7699549], "distance": 2135, "duration": 1826}, "2": {"origin_idx": 0, "destination_idx": 2, "origin": [32.0732507, 34.7894517], "destination": [32.0737261, 34.765359], "distance": 2610, "duration": 2185}, "3": {"origin_idx": 0, "destination_idx": 3, "origin": [32.0732507, 34.7894517], "destination": [32.1145883, 34.8015212], "distance": 5267, "duration": 4491}, "4": {"origin_idx": 0, "destination_idx": 4, "origin": [32.0732507, 34.7894517], "destination": [32.0779325, 34.7741353], "distance": 1696, "duration": 1434}, "5": {"origin_idx": 0, "destination_idx": 5, "origin": [32.0732507, 34.7894517], "destination": [32.0610971, 34.7919043], "distance": 1769, "duration": 1507}, "6": {"origin_idx": 0, "destination_idx": 6, "origin": [32.0732507, 34.7894517], "destination": [32.0810915, 34.7889161], "distance": 1608, "duration": 1335}, "7": {"origin_idx": 0, "destination_idx": 7, "origin": [32.0732507, 34.7894517], "destination": [32.0633681, 34.7728317], "distance": 2186, "duration": 1837}, "8": {"origin_idx": 0, "destination_idx": 8, "origin": [32.0732507, 34.7894517], "destination": [32.0728065, 34.7948381], "distance": 581, "duration": 511}}, "1": {"0": {"origin_idx": 1, "destination_idx": 0, "origin": [32.0694666, 34.7699549], "destination": [32.0732507, 34.7894517], "distance": 2135, "duration": 1840}, "1": {"origin_idx": 1, "destination_idx": 1, "origin": [32.0694666, 34.7699549], "destination": [32.0694666, 34.7699549], "distance": 0, "duration": 0}, "2": {"origin_idx": 1, "destination_idx": 2, "origin": [32.0694666, 34.7699549], "destination": [32.0737261, 34.765359], "distance": 769, "duration": 619}, "3": {"origin_idx": 1, "destination_idx": 3, "origin": [32.0694666, 34.7699549], "destination": [32.1145883, 34.8015212], "distance": 6806, "duration": 5779}, "4": {"origin_idx": 1, "destination_idx": 4, "origin": [32.0694666, 34.7699549], "destination": [32.0779325, 34.7741353], "distance": 1176, "duration": 968}, "5": {"origin_idx": 1, "destination_idx": 5, "origin": [32.0694666, 34.7699549], "destination": [32.0610971, 34.7919043], "distance": 2579, "duration": 2225}, "6": {"origin_idx": 1, "destination_idx": 6, "origin": [32.0694666, 34.7699549], "destination": [32.0810915, 34.7889161], "distance": 2569, "duration": 2218}, "7": {"origin_idx": 1, "destination_idx": 7, "origin": [32.0694666, 34.7699549], "destination": [32.0633681, 34.7728317], "distance": 844, "duration": 719}, "8": {"origin_idx": 1, "destination_idx": 8, "origin": [32.0694666, 34.7699549], "destination": [32.0728065, 34.7948381], "distance": 2698, "duration": 2340}}, "2": {"0": {"origin_idx": 2, "destination_idx": 0, "origin": [32.0737261, 34.765359], "destination": [32.0732507, 34.7894517], "distance": 2609, "duration": 2254}, "1": {"origin_idx": 2, "destination_idx": 1, "origin": [32.0737261, 34.765359], "destination": [32.0694666, 34.7699549], "distance": 769, "duration": 682}, "2": {"origin_idx": 2, "destination_idx": 2, "origin": [32.0737261, 34.765359], "destination": [32.0737261, 34.765359], "distance": 0, "duration": 0}, "3": {"origin_idx": 2, "destination_idx": 3, "origin": [32.0737261, 34.765359], "destination": [32.1145883, 34.8015212], "distance": 6832, "duration": 5767}, "4": {"origin_idx": 2, "destination_idx": 4, "origin": [32.0737261, 34.765359], "destination": [32.0779325, 34.7741353], "distance": 1127, "duration": 979}, "5": {"origin_idx": 2, "destination_idx": 5, "origin": [32.0737261, 34.765359], "destination": [32.0610971, 34.7919043], "distance": 3218, "duration": 2791}, "6": {"origin_idx": 2, "destination_idx": 6, "origin": [32.0737261, 34.765359], "destination": [32.0810915, 34.7889161], "distance": 2865, "duration": 2486}, "7": {"origin_idx": 2, "destination_idx": 7, "origin": [32.0737261, 34.765359], "destination": [32.0633681, 34.7728317], "distance": 1483, "duration": 1295}, "8": {"origin_idx": 2, "destination_idx": 8, "origin": [32.0737261, 34.765359], "destination": [32.0728065, 34.7948381], "distance": 3172, "duration": 2754}}, "3": {"0": {"origin_idx": 3, "destination_idx": 0, "origin": [32.1145883, 34.8015212], "destination": [32.0732507, 34.7894517], "distance": 5269, "duration": 4458}, "1": {"origin_idx": 3, "destination_idx": 1, "origin": [32.1145883, 34.8015212], "destination": [32.0694666, 34.7699549], "distance": 6804, "duration": 5720}, "2": {"origin_idx": 3, "destination_idx": 2, "origin": [32.1145883, 34.8015212], "destination": [32.0737261, 34.765359], "distance": 6831, "duration": 5668}, "3": {"origin_idx": 3, "destination_idx": 3, "origin": [32.1145883, 34.8015212], "destination": [32.1145883, 34.8015212], "distance": 0, "duration": 0}, "4": {"origin_idx": 3, "destination_idx": 4, "origin": [32.1145883, 34.8015212], "destination": [32.0779325, 34.7741353], "distance": 5870, "duration": 4907}, "5": {"origin_idx": 3, "destination_idx": 5, "origin": [32.1145883, 34.8015212], "destination": [32.0610971, 34.7919043], "distance": 6778, "duration": 5718}, "6": {"origin_idx": 3, "destination_idx": 6, "origin": [32.1145883, 34.8015212], "destination": [32.0810915, 34.7889161], "distance": 4615, "duration": 3890}, "7": {"origin_idx": 3, "destination_idx": 7, "origin": [32.1145883, 34.8015212], "destination": [32.0633681, 34.7728317], "distance": 7407, "duration": 6228}, "8": {"origin_idx": 3, "destination_idx": 8, "origin": [32.1145883, 34.8015212], "destination": [32.0728065, 34.7948381], "distance": 5441, "duration": 4571}}, "4": {"0": {"origin_idx": 4, "destination_idx": 0, "origin": [32.0779325, 34.7741353], "destination": [32.0732507, 34.7894517], "distance": 1696, "duration": 1454}, "1": {"origin_idx": 4, "destination_idx": 1, "origin": [32.0779325, 34.7741353], "destination": [32.0694666, 34.7699549], "distance": 1176, "duration": 985}, "2": {"origin_idx": 4, "destination_idx": 2, "origin": [32.0779325, 34.7741353], "destination": [32.0737261, 34.765359], "distance": 1127, "duration": 928}, "3": {"origin_idx": 4, "destination_idx": 3, "origin": [32.0779325, 34.7741353], "destination": [32.1145883, 34.8015212], "distance": 5871, "duration": 4975}, "4": {"origin_idx": 4, "destination_idx": 4, "origin": [32.0779325, 34.7741353], "destination": [32.0779325, 34.7741353], "distance": 0, "duration": 0}, "5": {"origin_idx": 4, "destination_idx": 5, "origin": [32.0779325, 34.7741353], "destination": [32.0610971, 34.7919043], "distance": 2964, "duration": 2581}, "6": {"origin_idx": 4, "destination_idx": 6, "origin": [32.0779325, 34.7741353], "destination": [32.0810915, 34.7889161], "distance": 1768, "duration": 1518}, "7": {"origin_idx": 4, "destination_idx": 7, "origin": [32.0779325, 34.7741353], "destination": [32.0633681, 34.7728317], "distance": 1890, "duration": 1598}, "8": {"origin_idx": 4, "destination_idx": 8, "origin": [32.0779325, 34.7741353], "destination": [32.0728065, 34.7948381], "distance": 2259, "duration": 1954}}, "5": {"0": {"origin_idx": 5, "destination_idx": 0, "origin": [32.0610971, 34.7919043], "destination": [32.0732507, 34.7894517], "distance": 1769, "duration": 1528}, "1": {"origin_idx": 5, "destination_idx": 1, "origin": [32.0610971, 34.7919043], "destination": [32.0694666, 34.7699549], "distance": 2580, "duration": 2235}, "2": {"origin_idx": 5, "destination_idx": 2, "origin": [32.0610971, 34.7919043], "destination": [32.0737261, 34.765359], "distance": 3219, "duration": 2743}, "3": {"origin_idx": 5, "destination_idx": 3, "origin": [32.0610971, 34.7919043], "destination": [32.1145883, 34.8015212], "distance": 6779, "duration": 5755}, "4": {"origin_idx": 5, "destination_idx": 4, "origin": [32.0610971, 34.7919043], "destination": [32.0779325, 34.7741353], "distance": 2964, "duration": 2594}, "5": {"origin_idx": 5, "destination_idx": 5,